{
   "name"   : "Camera_X_640x480",
   "width"  : 640,
   "height" : 480,
   "mtx"    :
   [[935.4300680862876, 0.0, 310.95442081623577],
    [0.0, 938.1091631779118, 200.2027057721888],
    [0.0, 0.0, 1.0]],
   "dist"   :
   [0.05532157737846518, 1.1094773542644176, -0.014708360414065744, -0.006891053377640268, -7.416633222245893],
   "FudgeOffset": 0.0,
   "FudgeFactor": 1.0
}
