{
   "created": "2026-02-14:20:54:12",
   "name"   : "Camera_X_800x600",
   "width"  : 800,
   "height" : 600,
   "mtx"    :
   [[1152.4131805767327, 0.0, 414.8473295740173],
    [0.0, 1154.9771282415525, 256.29086275217094],
    [0.0, 0.0, 1.0]],
   "dist"   :
   [0.025635372139908633, 1.1285792402485164, -0.014772429026240042, 0.00046425768634627266, -9.131371773343654],
   "FudgeOffset": 0.0,
   "FudgeFactor": 1.0
}
