{
   "name"   : "Camera_Z_640x480",
   "width"  : 640,
   "height" : 480,
   "mtx"    :
   [[936.8151333387053, 0.0, 323.1556177453429],
    [0.0, 938.892150709112, 271.4419941702951],
    [0.0, 0.0, 1.0]],
   "dist"   :
   [0.05158866162986504, 1.02151896308326, -0.0016266376697705166, -0.005708479835618572, -6.704257625340263],
   "FudgeOffset": -1.162,
   "FudgeFactor": 1.044
}
