{
   "name"   : "Camera_A_640x480",
   "width"  : 640,
   "height" : 480,
   "mtx"    :
   [[521.6528078860866, 0.0, 323.3310239552989],
    [0.0, 522.4057804685548, 265.77737650159315],
    [0.0, 0.0, 1.0]],
   "dist"   :
   [-0.4418172689058355, 0.23861991819524345, 0.0009061590181155858, 0.000447493156915872, -0.07679365377154532],
   "FudgeOffset": 0.0,
   "FudgeFactor": 1.0
}
