{
   "name"   : "Camera_B_640x480",
   "width"  : 640,
   "height" : 480,
   "mtx"    :
   [[640.2777197896011, 0.0, 307.0823600168307],
    [0.0, 641.8414148388734, 237.18045753543578],
    [0.0, 0.0, 1.0]],
   "dist"   :
   [-0.4268767029033907, 0.10580316688985962, -0.0006879006034556131, 0.000920683992034948, 0.34092166705102694],
   "FudgeOffset": 0.0,
   "FudgeFactor": 1.0
}
