{
   "created": "2026-02-09:10:28:31",
   "name"   : "Camera_X_960x544",
   "width"  : 960,
   "height" : 544,
   "mtx"    :
   [[1069.4917182379936, 0.0, 475.59862273854026],
    [0.0, 1070.586720227452, 247.46442694707048],
    [0.0, 0.0, 1.0]],
   "dist"   :
   [0.08723697362179136, 0.37828313629018867, -0.006608188058908554, -0.0033639819137301127, -2.9263071397612745],
   "FudgeOffset": 0.0,
   "FudgeFactor": 1.0
}
