{
   "created": "2026-02-09:11:24:07",
   "name"   : "Camera_A_800x600",
   "width"  : 800,
   "height" : 600,
   "mtx"    :
   [[651.5501545725226, 0.0, 398.30269643821083],
    [0.0, 652.0151296852619, 316.754670538707],
    [0.0, 0.0, 1.0]],
   "dist"   :
   [-0.44461002183929565, 0.23851093417721667, 0.0021637407893571013, 0.001946557794518648, -0.07276444212323262],
   "FudgeOffset": 0.0,
   "FudgeFactor": 1.0
}
