{
   "created": "2026-02-09:10:08:48",
   "name"   : "Camera_B_800x600",
   "width"  : 800,
   "height" : 600,
   "mtx"    :
   [[800.6998680929637, 0.0, 387.37550331609935],
    [0.0, 801.0456507056545, 292.4290103090405],
    [0.0, 0.0, 1.0]],
   "dist"   :
   [-0.41147918566295744, 0.055321850149228254, -0.0005974218398621383, 0.0011413284563205623, 0.28535123228722736],
   "FudgeOffset": 0.0,
   "FudgeFactor": 1.0
}
